0.05, 0.04, 0.998889
0.1, 0.079911, 0.995556
0.15, 0.119644, 0.990002
0.2, 0.159108, 0.98223
0.25, 0.198214, 0.972243
0.3, 0.236869, 0.960043
0.35, 0.27498, 0.945638
0.4, 0.31245, 0.929032
0.45, 0.349184, 0.910233
0.5, 0.38508, 0.889252
0.55, 0.420035, 0.866099
0.6, 0.453944, 0.840788
0.65, 0.486697, 0.813335
0.7, 0.518179, 0.78376
0.75, 0.548273, 0.752085
0.8, 0.576856, 0.718337
0.85, 0.6038, 0.682547
0.9, 0.628971, 0.644754
0.95, 0.652229, 0.604999
1, 0.673428, 0.563335
1.05, 0.692416, 0.519822
1.1, 0.709034, 0.474528
1.15, 0.723114, 0.427537
1.2, 0.734484, 0.378943
1.25, 0.742962, 0.328857
1.3, 0.748363, 0.277409
1.35, 0.750492, 0.224748
1.4, 0.749153, 0.171049
1.45, 0.744144, 0.116512
1.5, 0.735266, 0.0613686
1.55, 0.72232, 0.00588599
1.6, 0.705115, -0.0496313
1.65, 0.683474, -0.104836
1.7, 0.657239, -0.159337
1.75, 0.626281, -0.212692
1.8, 0.590514, -0.264414
1.85, 0.549901, -0.313967
1.9, 0.504476, -0.360772
1.95, 0.454351, -0.404216
2, 0.399737, -0.443666
2.05, 0.340952, -0.478487
2.1, 0.278432, -0.508065
2.15, 0.212729, -0.531837
2.2, 0.144512, -0.54932
2.25, 0.0745415, -0.560143
2.3, 0.0036534, -0.564067
2.35, -0.06728, -0.561007
2.4, -0.137384, -0.551036
2.45, -0.205822, -0.53438
2.5, -0.271824, -0.5114
2.55, -0.334717, -0.482569
2.6, -0.393937, -0.448445
2.65, -0.449041, -0.409634
2.7, -0.499701, -0.36677
2.75, -0.545699, -0.320483
2.8, -0.586912, -0.271387
2.85, -0.623301, -0.22006
2.9, -0.654894, -0.167039
2.95, -0.681773, -0.112817
3, -0.704061, -0.0578343
3.05, -0.721912, -0.00248732
3.1, -0.735498, 0.0528743
3.15, -0.745008, 0.107943
3.2, -0.750637, 0.162449
3.25, -0.752584, 0.216159
3.3, -0.751047, 0.268867
3.35, -0.746222, 0.320399
3.4, -0.738301, 0.370602
3.45, -0.72747, 0.419343
3.5, -0.713908, 0.466511
3.55, -0.697789, 0.512007
3.6, -0.679277, 0.555748
3.65, -0.658533, 0.597662
3.7, -0.635708, 0.637688
3.75, -0.610948, 0.675773
3.8, -0.584393, 0.711872
3.85, -0.556175, 0.745945
3.9, -0.526422, 0.777961
3.95, -0.495259, 0.807892
4, -0.462802, 0.835712
4.05, -0.429165, 0.861402
4.1, -0.394458, 0.884944
4.15, -0.358788, 0.906325
4.2, -0.322257, 0.925531
4.25, -0.284965, 0.942551
4.3, -0.247009, 0.957378
4.35, -0.208486, 0.970004
4.4, -0.169488, 0.980423
4.45, -0.130108, 0.988629
4.5, -0.0904368, 0.99462
4.55, -0.0505634, 0.998392
4.6, -0.0105776, 0.999944
4.65, 0.0294317, 0.999273
4.7, 0.0693756, 0.99638
4.75, 0.109165, 0.991264
4.8, 0.148709, 0.983928
4.85, 0.187919, 0.974372
4.9, 0.2267, 0.962601
4.95, 0.264961, 0.948617
5, 0.302606, 0.932428
5.05, 0.339537, 0.914039
5.1, 0.375654, 0.893459
5.15, 0.410854, 0.870698
5.2, 0.445031, 0.84577
5.25, 0.478075, 0.818688
5.3, 0.509872, 0.789471
5.35, 0.540305, 0.75814
5.4, 0.569249, 0.724721
5.45, 0.596577, 0.689245
5.5, 0.622155, 0.651747
5.55, 0.645842, 0.612269
5.6, 0.667494, 0.57086
5.65, 0.686956, 0.527579
5.7, 0.704069, 0.482494
5.75, 0.718666, 0.435684
5.8, 0.730572, 0.387244
5.85, 0.739607, 0.337281
5.9, 0.745582, 0.285923
5.95, 0.748302, 0.233317
6, 0.74757, 0.179634
6.05, 0.743183, 0.125073
6.1, 0.734937, 0.0698628
6.15, 0.722632, 0.0142666
6.2, 0.706074, -0.0414135
6.25, 0.685081, -0.0968335
6.3, 0.659492, -0.151604
6.35, 0.629174, -0.205287
6.4, 0.594032, -0.257396
6.45, 0.554025, -0.307398
6.5, 0.509178, -0.354713
6.55, 0.459595, -0.39873
6.6, 0.405479, -0.438814
6.65, 0.347138, -0.474325
6.7, 0.284998, -0.504646
6.75, 0.219605, -0.529206
6.8, 0.151617, -0.547514
6.85, 0.0817918, -0.559186
6.9, 0.0109596, -0.563974
6.95, -0.0600083, -0.561779
7, -0.130237, -0.552662
7.05, -0.198884, -0.536835
7.1, -0.265176, -0.514651
7.15, -0.328431, -0.486573
7.2, -0.388079, -0.45315
7.25, -0.443666, -0.414985
7.3, -0.494855, -0.372707
7.35, -0.541419, -0.326946
7.4, -0.583228, -0.278313
7.45, -0.620234, -0.227388
7.5, -0.652459, -0.174711
7.55, -0.679979, -0.120773
7.6, -0.702912, -0.0660213
7.65, -0.721406, -0.0108522
7.7, -0.735631, 0.0443811
7.75, -0.745773, 0.099368
7.8, -0.752022, 0.153836
7.85, -0.754577, 0.207549
7.9, -0.753633, 0.260299
7.95, -0.749386, 0.311908
8, -0.742024, 0.362221
8.05, -0.731734, 0.411104
8.1, -0.718693, 0.458443
8.15, -0.703074, 0.504136
8.2, -0.685042, 0.548099
8.25, -0.664756, 0.590259
8.3, -0.642367, 0.630552
8.35, -0.618021, 0.668923
8.4, -0.591857, 0.705327
8.45, -0.564007, 0.739722
8.5, -0.534601, 0.772076
8.55, -0.50376, 0.802357
8.6, -0.471603, 0.830542
8.65, -0.438243, 0.856608
8.7, -0.403789, 0.880538
8.75, -0.368349, 0.902315
8.8, -0.332024, 0.921926
8.85, -0.294915, 0.939359
8.9, -0.25712, 0.954605
8.95, -0.218733, 0.967656
9, -0.179848, 0.978505
9.05, -0.140557, 0.987145
9.1, -0.100952, 0.993573
9.15, -0.0611208, 0.997784
9.2, -0.021154, 0.999775
9.25, 0.0188599, 0.999545
9.3, 0.0588318, 0.997092
9.35, 0.0986725, 0.992415
9.4, 0.138292, 0.985514
9.45, 0.1776, 0.976392
9.5, 0.216504, 0.96505
9.55, 0.254911, 0.951491
9.6, 0.292725, 0.93572
9.65, 0.329849, 0.917742
9.7, 0.366182, 0.897566
9.75, 0.401623, 0.8752
9.8, 0.436064, 0.850656
9.85, 0.469395, 0.823948
9.9, 0.501503, 0.795092
9.95, 0.53227, 0.76411
10, 0.561571, 0.731025
10.05, 0.58928, 0.695866
10.1, 0.615261, 0.658667
10.15, 0.639376, 0.61947
10.2, 0.661476, 0.578321
10.25, 0.68141, 0.535278
10.3, 0.699016, 0.490406
10.35, 0.714127, 0.443784
10.4, 0.726568, 0.395503
10.45, 0.736157, 0.345669
10.5, 0.742704, 0.294408
10.55, 0.746015, 0.241863
10.6, 0.745889, 0.188204
10.65, 0.742122, 0.133626
10.7, 0.734509, 0.0783558
10.75, 0.722846, 0.0226534
10.8, 0.706936, -0.033182
10.85, 0.686594, -0.0888094
10.9, 0.661655, -0.143842
10.95, 0.631978, -0.197845
11, 0.597466, -0.250334
11.05, 0.55807, -0.300777
11.1, 0.513806, -0.348596
11.15, 0.464773, -0.393179
11.2, 0.411161, -0.43389
11.25, 0.353272, -0.470086
11.3, 0.291522, -0.501144
11.35, 0.226447, -0.526488
11.4, 0.1587, -0.545617
11.45, 0.0890297, -0.558137
11.5, 0.0182641, -0.563788
11.55, -0.0527277, -0.562458
11.6, -0.12307, -0.554196
11.65, -0.191917, -0.539202
11.7, -0.258489, -0.517817
11.75, -0.322098, -0.490496
11.8, -0.382164, -0.45778
11.85, -0.438226, -0.420268
11.9, -0.489938, -0.378583
11.95, -0.537062, -0.333354
12, -0.579461, -0.285192
12.05, -0.617081, -0.234677
12.1, -0.649934, -0.18235
12.15, -0.678092, -0.128706
12.2, -0.701667, -0.0741912
12.25, -0.720803, -0.0192075
12.3, -0.735667, 0.0358901
12.35, -0.746439, 0.0907881
12.4, -0.753309, 0.145211
12.45, -0.756472, 0.19892
12.5, -0.756123, 0.251705
12.55, -0.752453, 0.303385
12.6, -0.745652, 0.353803
12.65, -0.735904, 0.402821
12.7, -0.723386, 0.450324
12.75, -0.70827, 0.49621
12.8, -0.690721, 0.54039
12.85, -0.670896, 0.58279
12.9, -0.648946, 0.623345
12.95, -0.625017, 0.661999
13, -0.599248, 0.698703
13.05, -0.571771, 0.733416
13.1, -0.542714, 0.766103
13.15, -0.5122, 0.796733
13.2, -0.480347, 0.825279
13.25, -0.447267, 0.851718
13.3, -0.413071, 0.876032
13.35, -0.377865, 0.898203
13.4, -0.341752, 0.918217
13.45, -0.30483, 0.936061
13.5, -0.267199, 0.951725
13.55, -0.228953, 0.9652
13.6, -0.190186, 0.976477
13.65, -0.15099, 0.98555
13.7, -0.111455, 0.992414
13.75, -0.0716711, 0.997063
13.8, -0.031728, 0.999494
13.85, 0.00828557, 0.999704
13.9, 0.0482807, 0.997691
13.95, 0.0881682, 0.993453
14, 0.127858, 0.98699
14.05, 0.16726, 0.978302
14.1, 0.206282, 0.96739
14.15, 0.244829, 0.954257
14.2, 0.282808, 0.938906
14.25, 0.320121, 0.921342
14.3, 0.356666, 0.901572
14.35, 0.392342, 0.879603
14.4, 0.427043, 0.855447
14.45, 0.460657, 0.829115
14.5, 0.493072, 0.800625
14.55, 0.524169, 0.769994
14.6, 0.553824, 0.737246
14.65, 0.58191, 0.702408
14.7, 0.608292, 0.665514
14.75, 0.632829, 0.626601
14.8, 0.655375, 0.585718
14.85, 0.675777, 0.542917
14.9, 0.693873, 0.498265
14.95, 0.709496, 0.451836
15, 0.72247, 0.40372
15.05, 0.732611, 0.354021
15.1, 0.73973, 0.302862
15.15, 0.743631, 0.250386
15.2, 0.744111, 0.196757
15.25, 0.740964, 0.14217
15.3, 0.733983, 0.0868464
15.35, 0.722963, 0.0310453
15.4, 0.707703, -0.0249379
15.45, 0.688014, -0.080765
15.5, 0.663725, -0.136052
15.55, 0.634695, -0.190367
15.6, 0.600816, -0.243228
15.65, 0.562035, -0.294105
15.7, 0.518361, -0.342421
15.75, 0.469883, -0.387563
15.8, 0.416783, -0.428894
15.85, 0.359354, -0.465769
15.9, 0.298002, -0.49756
15.95, 0.233256, -0.523683
16, 0.165758, -0.54363
16.05, 0.096254, -0.556996
16.1, 0.0255656, -0.563508
16.15, -0.0454394, -0.563044
16.2, -0.115884, -0.555638
16.25, -0.18492, -0.54148
16.3, -0.251763, -0.520898
16.35, -0.315717, -0.494339
16.4, -0.376194, -0.462336
16.45, -0.432723, -0.425481
16.5, -0.48495, -0.384396
16.55, -0.532629, -0.339706
16.6, -0.575614, -0.292022
16.65, -0.613841, -0.241925
16.7, -0.64732, -0.189956
16.75, -0.676113, -0.136612
16.8, -0.700328, -0.0823429
16.85, -0.720104, -0.0275521
16.9, -0.735604, 0.0274024
16.95, -0.747007, 0.0822042
17, -0.754498, 0.136576
17.05, -0.758269, 0.190274
17.1, -0.758514, 0.243087
17.15, -0.755424, 0.294831
17.2, -0.749185, 0.345347
17.25, -0.739981, 0.394495
17.3, -0.727989, 0.442157
17.35, -0.713378, 0.488229
17.4, -0.696313, 0.532621
17.45, -0.676952, 0.575257
17.5, -0.655445, 0.616069
17.55, -0.631936, 0.655
17.6, -0.606565, 0.692001
17.65, -0.579464, 0.727028
17.7, -0.550761, 0.760044
17.75, -0.520578, 0.791019
17.8, -0.489032, 0.819923
17.85, -0.456238, 0.846733
17.9, -0.422303, 0.871428
17.95, -0.387336, 0.893991
18, -0.351438, 0.914405
18.05, -0.314709, 0.932658
18.1, -0.277246, 0.948738
18.15, -0.239146, 0.962635
18.2, -0.200501, 0.97434
18.25, -0.161404, 0.983845
18.3, -0.121944, 0.991143
18.35, -0.0822129, 0.99623
18.4, -0.0422984, 0.999101
18.45, -0.00228996, 0.999752
18.5, 0.0377236, 0.998179
18.55, 0.077653, 0.99438
18.6, 0.117409, 0.988355
18.65, 0.156899, 0.980102
18.7, 0.196034, 0.969622
18.75, 0.234718, 0.956916
18.8, 0.272857, 0.941987
18.85, 0.310353, 0.924838
18.9, 0.347107, 0.905476
18.95, 0.383014, 0.883907
19, 0.417969, 0.860141
19.05, 0.451863, 0.834189
19.1, 0.48458, 0.806067
19.15, 0.516003, 0.775791
19.2, 0.546008, 0.743384
19.25, 0.574467, 0.708872
19.3, 0.601246, 0.672286
19.35, 0.626203, 0.633663
19.4, 0.649192, 0.593049
19.45, 0.670059, 0.550497
19.5, 0.688643, 0.506069
19.55, 0.704775, 0.459838
19.6, 0.718279, 0.411893
19.65, 0.728971, 0.362336
19.7, 0.736661, 0.311286
19.75, 0.741149, 0.258884
19.8, 0.742234, 0.205293
19.85, 0.739707, 0.150702
19.9, 0.733359, 0.0953336
19.95, 0.722982, 0.0394411
20, 0.708373, -0.0166823
20.05, 0.689338, -0.0727014
20.1, 0.665704, -0.128236
20.15, 0.637322, -0.182855
20.2, 0.604082, -0.23608
20.25, 0.565921, -0.287383
20.3, 0.522841, -0.336188
20.35, 0.474924, -0.381882
20.4, 0.422344, -0.423827
20.45, 0.365382, -0.461375
20.5, 0.304438, -0.493893
20.55, 0.240029, -0.520792
20.6, 0.172791, -0.541553
20.65, 0.103463, -0.555762
20.7, 0.0328629, -0.563136
20.75, -0.0381444, -0.563537
20.8, -0.108681, -0.556989
20.85, -0.177897, -0.543669
20.9, -0.245, -0.523893
20.95, -0.30929, -0.4981
21, -0.370169, -0.466815
21.05, -0.427158, -0.430625
21.1, -0.479893, -0.390146
21.15, -0.52812, -0.346002
21.2, -0.571685, -0.298803
21.25, -0.610516, -0.249131
21.3, -0.644616, -0.197527
21.35, -0.674041, -0.144491
21.4, -0.698893, -0.0904754
21.45, -0.719308, -0.0358848
21.5, -0.735444, 0.0189192
21.55, -0.747476, 0.0736176
21.6, -0.755587, 0.12793
21.65, -0.759968, 0.181611
21.7, -0.760808, 0.234445
21.75, -0.758298, 0.286247
21.8, -0.752623, 0.336855
21.85, -0.743965, 0.386127
21.9, -0.732499, 0.433942
21.95, -0.718396, 0.480195
22, -0.701819, 0.524794
22.05, -0.682924, 0.56766
22.1, -0.661862, 0.608724
22.15, -0.638777, 0.647929
22.2, -0.613808, 0.685221
22.25, -0.587087, 0.720558
22.3, -0.558741, 0.753901
22.35, -0.528892, 0.785216
22.4, -0.497658, 0.814475
22.45, -0.465152, 0.841652
22.5, -0.431484, 0.866726
22.55, -0.39676, 0.889678
22.6, -0.361082, 0.910491
22.65, -0.324549, 0.929151
22.7, -0.287261, 0.945645
22.75, -0.249311, 0.959962
22.8, -0.210793, 0.972093
22.85, -0.171799, 0.982028
22.9, -0.13242, 0.989761
22.95, -0.0927451, 0.995286
23, -0.052864, 0.998596
23.05, -0.0128655, 0.999687
23.1, 0.0271616, 0.998554
23.15, 0.0671281, 0.995196
23.2, 0.106944, 0.989609
23.25, 0.14652, 0.981792
23.3, 0.185762, 0.971745
23.35, 0.224578, 0.959467
23.4, 0.262873, 0.944961
23.45, 0.300548, 0.92823
23.5, 0.337504, 0.909278
23.55, 0.373639, 0.888112
23.6, 0.408845, 0.864739
23.65, 0.443013, 0.83917
23.7, 0.476028, 0.811418
23.75, 0.507774, 0.781501
23.8, 0.538125, 0.749439
23.85, 0.566953, 0.715256
23.9, 0.594125, 0.678982
23.95, 0.619499, 0.640654
24, 0.642928, 0.600315
24.05, 0.664257, 0.558015
24.1, 0.683326, 0.513816
24.15, 0.699965, 0.46779
24.2, 0.713997, 0.420022
24.25, 0.725237, 0.370612
24.3, 0.733495, 0.319678
24.35, 0.738571, 0.267357
24.4, 0.74026, 0.213809
24.45, 0.738352, 0.159223
24.5, 0.732638, 0.103816
24.55, 0.722904, 0.0478398
24.6, 0.708947, -0.00841628
24.65, 0.690568, -0.0646198
24.7, 0.667591, -0.120393
24.75, 0.639861, -0.175309
24.8, 0.607262, -0.228891
24.85, 0.569725, -0.280612
24.9, 0.527246, -0.329899
24.95, 0.479896, -0.376138
25, 0.427843, -0.41869
25.05, 0.371357, -0.456905
25.1, 0.310828, -0.490145
25.15, 0.246766, -0.517815
25.2, 0.179798, -0.539387
25.25, 0.110657, -0.554437
25.3, 0.040155, -0.56267
25.35, -0.0308441, -0.563938
25.4, -0.101463, -0.558248
25.45, -0.170847, -0.545768
25.5, -0.238202, -0.526803
25.55, -0.302817, -0.50178
25.6, -0.364089, -0.471218
25.65, -0.42153, -0.435698
25.7, -0.474767, -0.395831
25.75, -0.523537, -0.352241
25.8, -0.567676, -0.305534
25.85, -0.607106, -0.256294
25.9, -0.641823, -0.205063
25.95, -0.671876, -0.152343
26, -0.697364, -0.0985874
26.05, -0.718416, -0.0442047
26.1, -0.735186, 0.0104415
26.15, -0.747846, 0.0650293
26.2, -0.756578, 0.119275
26.25, -0.761567, 0.172932
26.3, -0.763004, 0.225781
26.35, -0.761074, 0.277635
26.4, -0.755964, 0.328328
26.45, -0.747854, 0.377718
26.5, -0.736917, 0.425681
26.55, -0.723324, 0.472109
26.6, -0.707236, 0.516909
26.65, -0.688811, 0.56
26.7, -0.668197, 0.601312
26.75, -0.645539, 0.640785
26.8, -0.620975, 0.678366
26.85, -0.594637, 0.714008
26.9, -0.566652, 0.747673
26.95, -0.537142, 0.779325
27, -0.506224, 0.808935
27.05, -0.474011, 0.836477
27.1, -0.440613, 0.861927
27.15, -0.406136, 0.885265
27.2, -0.370682, 0.906474
27.25, -0.334351, 0.925539
27.3, -0.29724, 0.942445
27.35, -0.259445, 0.957181
27.4, -0.221059, 0.969737
27.45, -0.182174, 0.980102
27.5, -0.142879, 0.988268
27.55, -0.103266, 0.994229
27.6, -0.0634237, 0.997978
27.65, -0.0234399, 0.999509
27.7, 0.0165959, 0.998817
27.75, 0.0565948, 0.995899
27.8, 0.096467, 0.990751
27.85, 0.136122, 0.983371
27.9, 0.175467, 0.973758
27.95, 0.214411, 0.96191
28, 0.252856, 0.94783
28.05, 0.290706, 0.931518
28.1, 0.327861, 0.912978
28.15, 0.364218, 0.892216
28.2, 0.39967, 0.869239
28.25, 0.434108, 0.844055
28.3, 0.467418, 0.816678
28.35, 0.499481, 0.787123
28.4, 0.530175, 0.755409
28.45, 0.559369, 0.721559
28.5, 0.58693, 0.685603
28.55, 0.612717, 0.647573
28.6, 0.636582, 0.607513
28.65, 0.658371, 0.565471
28.7, 0.677921, 0.521507
28.75, 0.695064, 0.475691
28.8, 0.709622, 0.428106
28.85, 0.72141, 0.378849
28.9, 0.730234, 0.328036
28.95, 0.735896, 0.275802
29, 0.738188, 0.222306
29.05, 0.7369, 0.167731
29.1, 0.731818, 0.112293
29.15, 0.722729, 0.0562401
29.2, 0.709424, -0.00014106
29.25, 0.691704, -0.0565213
29.3, 0.669385, -0.112526
29.35, 0.64231, -0.167731
29.4, 0.610356, -0.221662
29.45, 0.573448, -0.273793
29.5, 0.531574, -0.323554
29.55, 0.484799, -0.370331
29.6, 0.433278, -0.413484
29.65, 0.377276, -0.45236
29.7, 0.317171, -0.486317
29.75, 0.253466, -0.514752
29.8, 0.186778, -0.537131
29.85, 0.117834, -0.553021
29.9, 0.0474406, -0.562112
29.95, -0.0235396, -0.564245
30, -0.0942293, -0.559416
30.05, -0.163772, -0.547777
30.1, -0.231368, -0.529626
30.15, -0.2963, -0.505378
30.2, -0.357957, -0.475544
30.25, -0.415842, -0.440699
30.3, -0.469573, -0.401452
30.35, -0.518879, -0.358421
30.4, -0.563587, -0.312214
30.45, -0.603612, -0.263413
30.5, -0.638942, -0.212563
30.55, -0.669621, -0.160166
30.6, -0.695741, -0.106678
30.65, -0.717427, -0.0525105
30.7, -0.73483, 0.00197053
30.75, -0.748118, 0.0564405
30.8, -0.757469, 0.110613
30.85, -0.763068, 0.164238
30.9, -0.7651, 0.217096
30.95, -0.763753, 0.268994
31, -0.75921, 0.319767
31.05, -0.751648, 0.369269
31.1, -0.741242, 0.417373
31.15, -0.728161, 0.463971
31.2, -0.712566, 0.508967
31.25, -0.694612, 0.552278
31.3, -0.67445, 0.593833
31.35, -0.652222, 0.63357
31.4, -0.628067, 0.671434
31.45, -0.602115, 0.707378
31.5, -0.574494, 0.741361
31.55, -0.545326, 0.773347
31.6, -0.514728, 0.803305
31.65, -0.482812, 0.831208
31.7, -0.449689, 0.857031
31.75, -0.415463, 0.880753
31.8, -0.380238, 0.902356
31.85, -0.344113, 0.921823
31.9, -0.307185, 0.939139
31.95, -0.269549, 0.954293
32, -0.231299, 0.967271
32.05, -0.192527, 0.978065
32.1, -0.153322, 0.986664
32.15, -0.113776, 0.993061
32.2, -0.0739761, 0.997248
32.25, -0.034012, 0.999219
32.3, 0.00602784, 0.998968
32.35, 0.0460542, 0.996491
32.4, 0.0859775, 0.991783
32.45, 0.125707, 0.98484
32.5, 0.165151, 0.975662
32.55, 0.204217, 0.964245
32.6, 0.242808, 0.950591
32.65, 0.280828, 0.934701
32.7, 0.318177, 0.916575
32.75, 0.354752, 0.89622
32.8, 0.390446, 0.873641
32.85, 0.42515, 0.848846
32.9, 0.45875, 0.821846
32.95, 0.491127, 0.792657
33, 0.522159, 0.761294
33.05, 0.551715, 0.727782
33.1, 0.579662, 0.692146
33.15, 0.605858, 0.65442
33.2, 0.630156, 0.614643
33.25, 0.652401, 0.572864
33.3, 0.672431, 0.52914
33.35, 0.690076, 0.48354
33.4, 0.705157, 0.436142
33.45, 0.717489, 0.387045
33.5, 0.726879, 0.33636
33.55, 0.733124, 0.284221
33.6, 0.736019, 0.230782
33.65, 0.735349, 0.176225
33.7, 0.7309, 0.120763
33.75, 0.722456, 0.0646409
33.8, 0.709805, 0.00814228
33.85, 0.692744, -0.0484069
33.9, 0.671086, -0.104635
33.95, 0.644669, -0.160121
34, 0.613363, -0.214393
34.05, 0.577089, -0.266928
34.1, 0.535826, -0.317155
34.15, 0.48963, -0.364463
34.2, 0.43865, -0.408209
34.25, 0.383139, -0.447739
34.3, 0.323467, -0.482407
34.35, 0.260127, -0.511604
34.4, 0.193729, -0.534787
34.45, 0.124992, -0.551513
34.5, 0.0547186, -0.561461
34.55, -0.016232, -0.564459
34.6, -0.0869822, -0.560491
34.65, -0.156673, -0.549697
34.7, -0.2245, -0.532362
34.75, -0.28974, -0.508893
34.8, -0.351773, -0.479792
34.85, -0.410094, -0.445629
34.9, -0.464313, -0.407006
34.95, -0.514148, -0.364542
35, -0.559419, -0.318842
35.05, -0.600034, -0.270487
35.1, -0.635972, -0.220025
35.15, -0.667274, -0.167958
35.2, -0.694023, -0.114746
35.25, -0.716342, -0.0608011
35.3, -0.734377, -0.0064926
35.35, -0.748291, 0.0478523
35.4, -0.758262, 0.101945
35.45, -0.764469, 0.155532
35.5, -0.767099, 0.208391
35.55, -0.766334, 0.260328
35.6, -0.762358, 0.311173
35.65, -0.755347, 0.36078
35.7, -0.745474, 0.409021
35.75, -0.732907, 0.455783
35.8, -0.717806, 0.500969
35.85, -0.700328, 0.544495
35.9, -0.680619, 0.586289
35.95, -0.658825, 0.626285
36, -0.635081, 0.664428
36.05, -0.609519, 0.700669
36.1, -0.582267, 0.734966
36.15, -0.553444, 0.767283
36.2, -0.52317, 0.797585
36.25, -0.491555, 0.825846
36.3, -0.458711, 0.852039
36.35, -0.424741, 0.876142
36.4, -0.389749, 0.898136
36.45, -0.353833, 0.918003
36.5, -0.317093, 0.935728
36.55, -0.279621, 0.951297
36.6, -0.241512, 0.964698
36.65, -0.202857, 0.975919
36.7, -0.163748, 0.984949
36.75, -0.124272, 0.991782
36.8, -0.0845202, 0.996407
36.85, -0.0445804, 0.998817
36.9, -0.00454154, 0.999007
36.95, 0.0355075, 0.99697
37, 0.075477, 0.992702
37.05, 0.115277, 0.986198
37.1, 0.154814, 0.977456
37.15, 0.193997, 0.966472
37.2, 0.23273, 0.953246
37.25, 0.270916, 0.937778
37.3, 0.308454, 0.920069
37.35, 0.345242, 0.900123
37.4, 0.381174, 0.877944
37.45, 0.416139, 0.853541
37.5, 0.450025, 0.826922
37.55, 0.482712, 0.798101
37.6, 0.514077, 0.767094
37.65, 0.543992, 0.733922
37.7, 0.572321, 0.698611
37.75, 0.598923, 0.661193
37.8, 0.623651, 0.621705
37.85, 0.646349, 0.580194
37.9, 0.666855, 0.536715
37.95, 0.684998, 0.491335
38, 0.700601, 0.444132
38.05, 0.713476, 0.3952
38.1, 0.723429, 0.344649
38.15, 0.730257, 0.29261
38.2, 0.733753, 0.239235
38.25, 0.733701, 0.184704
38.3, 0.729885, 0.129225
38.35, 0.722086, 0.0730412
38.4, 0.710089, 0.0164326
38.45, 0.693689, -0.0402779
38.5, 0.672695, -0.0967215
38.55, 0.646937, -0.15248
38.6, 0.616284, -0.207085
38.65, 0.580648, -0.260016
38.7, 0.54, -0.310702
38.75, 0.49439, -0.358534
38.8, 0.443957, -0.402867
38.85, 0.388945, -0.443045
38.9, 0.329715, -0.478419
38.95, 0.266749, -0.508372
39, 0.200651, -0.532355
39.05, 0.132131, -0.549913
39.1, 0.0619877, -0.560717
39.15, -0.00892252, -0.56458
39.2, -0.0797226, -0.561473
39.25, -0.149551, -0.551526
39.3, -0.217599, -0.535011
39.35, -0.283137, -0.512325
39.4, -0.345538, -0.483962
39.45, -0.404287, -0.450485
39.5, -0.458986, -0.412494
39.55, -0.509344, -0.370603
39.6, -0.555173, -0.325416
39.65, -0.596373, -0.277516
39.7, -0.632916, -0.227449
39.75, -0.664836, -0.17572
39.8, -0.692212, -0.12279
39.85, -0.715161, -0.0690755
39.9, -0.733826, -0.0149468
39.95, -0.748366, 0.0392659
40, -0.758955, 0.0932713
40.05, -0.765771, 0.146813
40.1, -0.768998, 0.199667
40.15, -0.768818, 0.251635
40.2, -0.765409, 0.302548
40.25, -0.75895, 0.352254
40.3, -0.749612, 0.400625
40.35, -0.737561, 0.447545
40.4, -0.722958, 0.492916
40.45, -0.705956, 0.536653
40.5, -0.686705, 0.578679
40.55, -0.665346, 0.61893
40.6, -0.642017, 0.657347
40.65, -0.616849, 0.693882
40.7, -0.589968, 0.72849
40.75, -0.561495, 0.761132
40.8, -0.531548, 0.791776
40.85, -0.500239, 0.820391
40.9, -0.467677, 0.846951
40.95, -0.433967, 0.871433
41, -0.399212, 0.893815
41.05, -0.363512, 0.914081
41.1, -0.326963, 0.932212
41.15, -0.28966, 0.948195
41.2, -0.251696, 0.962016
41.25, -0.213164, 0.973662
41.3, -0.174153, 0.983124
41.35, -0.134754, 0.99039
41.4, -0.0950547, 0.995453
41.45, -0.0551441, 0.998303
41.5, -0.015111, 0.998933
41.55, 0.0249559, 0.997338
41.6, 0.0649669, 0.99351
41.65, 0.104832, 0.987445
41.7, 0.144458, 0.97914
41.75, 0.183754, 0.968589
41.8, 0.222624, 0.955793
41.85, 0.26097, 0.94075
41.9, 0.298693, 0.923459
41.95, 0.335689, 0.903924
42, 0.371854, 0.882149
42.05, 0.407077, 0.858139
42.1, 0.441244, 0.831904
42.15, 0.474237, 0.803455
42.2, 0.505932, 0.772807
42.25, 0.536201, 0.73998
42.3, 0.564908, 0.704998
42.35, 0.591913, 0.667891
42.4, 0.617067, 0.628696
42.45, 0.640215, 0.587458
42.5, 0.661194, 0.544229
42.55, 0.679834, 0.499075
42.6, 0.695955, 0.452072
42.65, 0.70937, 0.403311
42.7, 0.719884, 0.352901
42.75, 0.727294, 0.300969
42.8, 0.73139, 0.247665
42.85, 0.731955, 0.193166
42.9, 0.728771, 0.137678
42.95, 0.721618, 0.0814397
43, 0.710277, 0.0247288
43.05, 0.694539, -0.0321352
43.1, 0.674209, -0.0887867
43.15, 0.649115, -0.144811
43.2, 0.619118, -0.199741
43.25, 0.584123, -0.253059
43.3, 0.544097, -0.304197
43.35, 0.499078, -0.352544
43.4, 0.449199, -0.397458
43.45, 0.394693, -0.438278
43.5, 0.335912, -0.474351
43.55, 0.27333, -0.505056
43.6, 0.207541, -0.529835
43.65, 0.139249, -0.548223
43.7, 0.0692468, -0.55988
43.75, -0.00161236, -0.564607
43.8, -0.0724517, -0.562364
43.85, -0.142408, -0.553264
43.9, -0.210667, -0.537572
43.95, -0.276493, -0.515672
44, -0.339253, -0.488053
44.05, -0.398422, -0.455268
44.1, -0.453593, -0.417914
44.15, -0.504468, -0.376603
44.2, -0.550849, -0.331936
44.25, -0.592628, -0.284497
44.3, -0.629772, -0.234832
44.35, -0.662307, -0.183449
44.4, -0.690307, -0.13081
44.45, -0.713885, -0.0773324
44.5, -0.733177, -0.0233909
44.55, -0.748342, 0.0306824
44.6, -0.759549, 0.0845933
44.65, -0.766974, 0.138083
44.7, -0.770799, 0.190925
44.75, -0.771202, 0.242919
44.8, -0.768364, 0.293892
44.85, -0.762458, 0.343692
44.9, -0.753656, 0.392186
44.95, -0.742123, 0.439259
45, -0.728019, 0.48481
45.05, -0.711497, 0.528751
45.1, -0.692705, 0.571006
45.15, -0.671785, 0.611506
45.2, -0.648875, 0.650194
45.25, -0.624103, 0.687017
45.3, -0.597597, 0.721931
45.35, -0.569478, 0.754897
45.4, -0.539863, 0.785878
45.45, -0.508863, 0.814844
45.5, -0.476587, 0.841768
45.55, -0.443142, 0.866626
45.6, -0.408629, 0.889395
45.65, -0.373147, 0.910056
45.7, -0.336794, 0.928592
45.75, -0.299664, 0.944986
45.8, -0.261851, 0.959226
45.85, -0.223446, 0.971297
45.9, -0.184539, 0.981188
45.95, -0.14522, 0.988888
46, -0.105578, 0.994387
46.05, -0.0657019, 0.997676
46.1, -0.0256793, 0.998747
46.15, 0.0144006, 0.997593
46.2, 0.0544482, 0.994206
46.25, 0.0943732, 0.988581
46.3, 0.134084, 0.980713
46.35, 0.173488, 0.970598
46.4, 0.212489, 0.958233
46.45, 0.250991, 0.943615
46.5, 0.288894, 0.926745
46.55, 0.326095, 0.907624
46.6, 0.362489, 0.886254
46.65, 0.397964, 0.862641
46.7, 0.432409, 0.836792
46.75, 0.465703, 0.808718
46.8, 0.497724, 0.778432
46.85, 0.528343, 0.745954
46.9, 0.557425, 0.711305
46.95, 0.584828, 0.674515
47, 0.610405, 0.635618
47.05, 0.633999, 0.594656
47.1, 0.655449, 0.551683
47.15, 0.674582, 0.506761
47.2, 0.691219, 0.459963
47.25, 0.705173, 0.411379
47.3, 0.716246, 0.361116
47.35, 0.724236, 0.309297
47.4, 0.72893, 0.256071
47.45, 0.730112, 0.201612
47.5, 0.72756, 0.146121
47.55, 0.721052, 0.0898354
47.6, 0.710367, 0.0330297
47.65, 0.695293, -0.0239801
47.7, 0.67563, -0.0808316
47.75, 0.651202, -0.137113
47.8, 0.621864, -0.192361
47.85, 0.587515, -0.246058
47.9, 0.548114, -0.29764
47.95, 0.503693, -0.346496
48, 0.454374, -0.391982
48.05, 0.400382, -0.433437
48.1, 0.342059, -0.470204
48.15, 0.27987, -0.501656
48.2, 0.2144, -0.527227
48.25, 0.146346, -0.546443
48.3, 0.0764948, -0.558951
48.35, 0.00569731, -0.564542
48.4, -0.0651705, -0.563161
48.45, -0.135244, -0.554912
48.5, -0.203704, -0.540044
48.55, -0.269809, -0.518936
48.6, -0.332919, -0.492063
48.65, -0.3925, -0.459977
48.7, -0.448136, -0.423266
48.75, -0.49952, -0.382541
48.8, -0.546448, -0.338402
48.85, -0.588802, -0.291431
48.9, -0.626542, -0.242176
48.95, -0.659688, -0.191145
49, -0.68831, -0.138803
49.05, -0.712513, -0.0855709
49.1, -0.732432, -0.0318238
49.15, -0.74822, 0.0221028
49.2, -0.760044, 0.0759123
49.25, -0.768078, 0.129343
49.3, -0.7725, 0.182166
49.35, -0.773488, 0.234179
49.4, -0.77122, 0.285206
49.45, -0.765869, 0.335093
49.5, -0.757605, 0.383706
49.55, -0.746592, 0.430926
49.6, -0.732989, 0.476651
49.65, -0.71695, 0.520792
49.7, -0.69862, 0.563269
49.75, -0.678142, 0.604015
49.8, -0.655653, 0.642968
49.85, -0.631282, 0.680076
49.9, -0.605154, 0.715293
49.95, -0.577392, 0.748577
50, -0.548112, 0.779892
50.05, -0.517425, 0.809206
50.1, -0.48544, 0.836491
50.15, -0.452263, 0.861722
50.2, -0.417996, 0.884874
50.25, -0.382738, 0.905929
50.3, -0.346585, 0.924867
50.35, -0.309633, 0.941672
50.4, -0.271975, 0.956328
50.45, -0.233701, 0.968823
50.5, -0.194903, 0.979142
50.55, -0.15567, 0.987275
50.6, -0.11609, 0.99321
50.65, -0.0762525, 0.996938
50.7, -0.0362453, 0.998449
50.75, 0.00384275, 0.997736
50.8, 0.0439222, 0.99479
50.85, 0.0839027, 0.989606
50.9, 0.123693, 0.982176
50.95, 0.1632, 0.972497
51, 0.202329, 0.960564
51.05, 0.240982, 0.946374
51.1, 0.27906, 0.929927
51.15, 0.316461, 0.911221
51.2, 0.353078, 0.890259
51.25, 0.388802, 0.867045
51.3, 0.423519, 0.841586
51.35, 0.457111, 0.81389
51.4, 0.489454, 0.78397
51.45, 0.520419, 0.751844
51.5, 0.549871, 0.717532
51.55, 0.577669, 0.681062
51.6, 0.603665, 0.642467
51.65, 0.627703, 0.601788
51.7, 0.64962, 0.559076
51.75, 0.669244, 0.51439
51.8, 0.686394, 0.467803
51.85, 0.700884, 0.419403
51.9, 0.712515, 0.369292
51.95, 0.721082, 0.317593
52, 0.726374, 0.264452
52.05, 0.728172, 0.210038
52.1, 0.726252, 0.154552
52.15, 0.720389, 0.0982271
52.2, 0.710361, 0.0413342
52.25, 0.695952, -0.0158136
52.3, 0.676958, -0.0728573
52.35, 0.653198, -0.129388
52.4, 0.624521, -0.184945
52.45, 0.590822, -0.239014
52.5, 0.552052, -0.291032
52.55, 0.508234, -0.340389
52.6, 0.459482, -0.386441
52.65, 0.406011, -0.428525
52.7, 0.348155, -0.46598
52.75, 0.286367, -0.498173
52.8, 0.221226, -0.524532
52.85, 0.153419, -0.544572
52.9, 0.0837304, -0.55793
52.95, 0.0130053, -0.564383
53, -0.0578804, -0.563866
53.05, -0.12806, -0.556468
53.1, -0.196711, -0.542429
53.15, -0.263086, -0.522114
53.2, -0.326536, -0.495994
53.25, -0.386521, -0.46461
53.3, -0.442615, -0.428549
53.35, -0.494502, -0.388416
53.4, -0.54197, -0.344811
53.45, -0.584894, -0.298315
53.5, -0.623226, -0.249477
53.55, -0.65698, -0.198807
53.6, -0.686219, -0.14677
53.65, -0.711046, -0.0937897
53.7, -0.731589, -0.0402443
53.75, -0.747999, 0.0135285
53.8, -0.76044, 0.0672294
53.85, -0.769082, 0.120595
53.9, -0.774102, 0.173392
53.95, -0.775675, 0.225417
54, -0.773978, 0.276492
54.05, -0.769184, 0.32646
54.1, -0.761459, 0.375185
54.15, -0.750968, 0.422546
54.2, -0.737869, 0.46844
54.25, -0.722314, 0.512775
54.3, -0.704449, 0.555471
54.35, -0.684416, 0.596456
54.4, -0.662351, 0.635671
54.45, -0.638383, 0.673059
54.5, -0.612638, 0.708574
54.55, -0.585237, 0.742173
54.6, -0.556295, 0.773819
54.65, -0.525925, 0.803478
54.7, -0.494235, 0.831121
54.75, -0.461331, 0.856721
54.8, -0.427314, 0.880254
54.85, -0.392283, 0.9017
54.9, -0.356335, 0.921038
54.95, -0.319565, 0.938251
55, -0.282066, 0.953323
55.05, -0.243929, 0.966239
55.1, -0.205245, 0.976986
55.15, -0.166102, 0.98555
55.2, -0.126589, 0.991921
55.25, -0.0867948, 0.996087
55.3, -0.0468077, 0.998039
55.35, -0.00671637, 0.997767
55.4, 0.03339, 0.995263
55.45, 0.0734213, 0.990519
55.5, 0.113286, 0.983529
55.55, 0.152891, 0.974287
55.6, 0.192142, 0.962787
55.65, 0.230942, 0.949027
55.7, 0.269191, 0.933003
55.75, 0.306787, 0.914715
55.8, 0.343624, 0.894164
55.85, 0.379592, 0.871351
55.9, 0.414577, 0.846284
55.95, 0.448462, 0.818969
56, 0.481122, 0.789419
56.05, 0.512429, 0.757649
56.1, 0.542249, 0.723678
56.15, 0.570438, 0.687533
56.2, 0.59685, 0.649244
56.25, 0.621328, 0.608853
56.3, 0.643708, 0.566405
56.35, 0.66382, 0.521962
56.4, 0.681481, 0.475592
56.45, 0.696504, 0.42738
56.5, 0.70869, 0.377428
56.55, 0.717834, 0.325856
56.6, 0.723723, 0.272805
56.65, 0.726134, 0.218445
56.7, 0.724845, 0.162971
56.75, 0.719628, 0.106614
56.8, 0.710258, 0.0496412
56.85, 0.696514, -0.00763693
56.9, 0.678191, -0.0648649
56.95, 0.655101, -0.121637
57, 0.62709, -0.177495
57.05, 0.594045, -0.231929
57.1, 0.55591, -0.284375
57.15, 0.512701, -0.334225
57.2, 0.464522, -0.380836
57.25, 0.41158, -0.423542
57.3, 0.354198, -0.461678
57.35, 0.292821, -0.494608
57.4, 0.228018, -0.52175
57.45, 0.160469, -0.542611
57.5, 0.0909525, -0.556816
57.55, 0.0203105, -0.564132
57.6, -0.0505825, -0.564478
57.65, -0.120858, -0.557933
57.7, -0.18969, -0.544724
57.75, -0.256325, -0.525207
57.8, -0.320107, -0.499844
57.85, -0.380487, -0.469168
57.9, -0.437031, -0.433762
57.95, -0.489415, -0.394228
58, -0.537417, -0.351164
58.05, -0.580905, -0.30515
58.1, -0.619824, -0.256736
58.15, -0.654182, -0.206433
58.2, -0.684036, -0.154709
58.25, -0.709484, -0.101988
58.3, -0.73065, -0.0486515
58.35, -0.74768, 0.00496032
58.4, -0.760736, 0.0585457
58.45, -0.769986, 0.111838
58.5, -0.775604, 0.164603
58.55, -0.777763, 0.216634
58.6, -0.776639, 0.26775
58.65, -0.772401, 0.317793
58.7, -0.765217, 0.366624
58.75, -0.75525, 0.414122
58.8, -0.742657, 0.460179
58.85, -0.727588, 0.504703
58.9, -0.710191, 0.547611
58.95, -0.690606, 0.588832
59, -0.668968, 0.628303
59.05, -0.645407, 0.665968
59.1, -0.620047, 0.701777
59.15, -0.59301, 0.735687
59.2, -0.564411, 0.767659
59.25, -0.534362, 0.79766
59.3, -0.502971, 0.825657
59.35, -0.470343, 0.851624
59.4, -0.43658, 0.875536
59.45, -0.401781, 0.89737
59.5, -0.366043, 0.917106
59.55, -0.32946, 0.934726
59.6, -0.292125, 0.950211
59.65, -0.254129, 0.963548
59.7, -0.215562, 0.97472
59.75, -0.176514, 0.983715
59.8, -0.137073, 0.99052
59.85, -0.0973275, 0.995124
59.9, -0.0573655, 0.997516
59.95, -0.0172756, 0.997685
60, 0.0228529, 0.995623
60.05, 0.06293, 0.991321
60.1, 0.102864, 0.984771
60.15, 0.142563, 0.975967
60.2, 0.181932, 0.964902
60.25, 0.220874, 0.951572
60.3, 0.259289, 0.935974
60.35, 0.297075, 0.918106
60.4, 0.334127, 0.897967
60.45, 0.370334, 0.875559
60.5, 0.405583, 0.850887
60.55, 0.439757, 0.823957
60.6, 0.47273, 0.794779
60.65, 0.504376, 0.763368
60.7, 0.534558, 0.729742
60.75, 0.563135, 0.693926
60.8, 0.589959, 0.655948
60.85, 0.614873, 0.615848
60.9, 0.637714, 0.573672
60.95, 0.65831, 0.529475
61, 0.67648, 0.483328
61.05, 0.692034, 0.435311
61.1, 0.704774, 0.385524
61.15, 0.714492, 0.334084
61.2, 0.720975, 0.281132
61.25, 0.724001, 0.226831
61.3, 0.723342, 0.171376
61.35, 0.71877, 0.114994
61.4, 0.710058, 0.0579496
61.45, 0.696981, 0.000548862
61.5, 0.679329, -0.0568554
61.55, 0.656913, -0.113861
61.6, 0.62957, -0.170013
61.65, 0.597183, -0.224802
61.7, 0.559688, -0.277669
61.75, 0.517093, -0.328005
61.8, 0.469493, -0.375167
61.85, 0.417087, -0.418488
61.9, 0.360188, -0.4573
61.95, 0.29923, -0.490961
62, 0.234774, -0.518881
62.05, 0.167494, -0.54056
62.1, 0.09816, -0.55561
62.15, 0.0276116, -0.563787
62.2, -0.0432779, -0.564997
62.25, -0.113639, -0.559306
62.3, -0.182642, -0.54693
62.35, -0.249527, -0.528215
62.4, -0.313631, -0.503612
62.45, -0.374398, -0.47365
62.5, -0.431385, -0.438905
62.55, -0.484258, -0.399975
62.6, -0.532789, -0.357459
62.65, -0.576836, -0.311934
62.7, -0.616338, -0.263952
62.75, -0.651295, -0.214023
62.8, -0.681761, -0.162618
62.85, -0.707827, -0.110164
62.9, -0.729613, -0.057044
62.95, -0.747263, -0.00360041
63, -0.760934, 0.0498624
63.05, -0.770791, 0.103075
63.1, -0.777006, 0.155801
63.15, -0.779752, 0.207831
63.2, -0.7792, 0.258983
63.25, -0.775521, 0.309094
63.3, -0.76888, 0.358026
63.35, -0.759438, 0.405653
63.4, -0.747352, 0.451868
63.45, -0.732773, 0.496575
63.5, -0.715846, 0.539692
63.55, -0.696711, 0.581143
63.6, -0.675503, 0.620866
63.65, -0.652352, 0.658802
63.7, -0.627381, 0.694901
63.75, -0.600712, 0.729118
63.8, -0.572459, 0.761414
63.85, -0.542734, 0.791752
63.9, -0.511646, 0.820101
63.95, -0.479299, 0.846432
64, -0.445795, 0.87072
64.05, -0.411232, 0.89294
64.1, -0.375708, 0.913071
64.15, -0.339316, 0.931095
64.2, -0.302149, 0.946993
64.25, -0.264299, 0.960748
64.3, -0.225855, 0.972345
64.35, -0.186907, 0.98177
64.4, -0.147542, 0.989009
64.45, -0.10785, 0.99405
64.5, -0.0679173, 0.996881
64.55, -0.0278338, 0.997492
64.6, 0.012312, 0.995872
64.65, 0.0524301, 0.992011
64.7, 0.0924294, 0.985902
64.75, 0.132217, 0.977537
64.8, 0.171699, 0.966908
64.85, 0.210777, 0.95401
64.9, 0.249354, 0.93884
64.95, 0.287326, 0.921393
65, 0.324588, 0.901669
65.05, 0.36103, 0.879668
65.1, 0.396539, 0.855393
65.15, 0.430996, 0.828851
65.2, 0.464279, 0.800049
65.25, 0.496259, 0.769001
65.3, 0.5268, 0.735724
65.35, 0.55576, 0.70024
65.4, 0.582993, 0.662578
65.45, 0.60834, 0.622775
65.5, 0.631639, 0.580874
65.55, 0.652716, 0.53693
65.6, 0.671392, 0.49101
65.65, 0.687474, 0.443194
65.7, 0.700765, 0.393578
65.75, 0.711056, 0.342277
65.8, 0.718132, 0.289429
65.85, 0.72177, 0.235195
65.9, 0.721741, 0.179767
65.95, 0.717815, 0.123367
66, 0.70976, 0.0662581
66.05, 0.697351, 0.00874262
66.1, 0.680373, -0.0488301
66.15, 0.658632, -0.106061
66.2, 0.631961, -0.162498
66.25, 0.600235, -0.217635
66.3, 0.563384, -0.270914
66.35, 0.521409, -0.321729
66.4, 0.474395, -0.369435
66.45, 0.422532, -0.413365
66.5, 0.366123, -0.452847
66.55, 0.305593, -0.487233
66.6, 0.241494, -0.515927
66.65, 0.174492, -0.53842
66.7, 0.105352, -0.554313
66.75, 0.0349076, -0.563349
66.8, -0.0359679, -0.565423
66.85, -0.106404, -0.560588
66.9, -0.175567, -0.549047
66.95, -0.242693, -0.531136
67, -0.307111, -0.507298
67.05, -0.368256, -0.478054
67.1, -0.425678, -0.443976
67.15, -0.479034, -0.405658
67.2, -0.528086, -0.363695
67.25, -0.572687, -0.318667
67.3, -0.612766, -0.271122
67.35, -0.64832, -0.221576
67.4, -0.679394, -0.170498
67.45, -0.706075, -0.118318
67.5, -0.72848, -0.0654209
67.55, -0.746748, -0.0121526
67.6, -0.761032, 0.0411805
67.65, -0.771496, 0.0943069
67.7, -0.778309, 0.146987
67.75, -0.781641, 0.19901
67.8, -0.781663, 0.25019
67.85, -0.778543, 0.300364
67.9, -0.772445, 0.34939
67.95, -0.763531, 0.397141
68, -0.751955, 0.443508
68.05, -0.737867, 0.488394
68.1, -0.721413, 0.531713
68.15, -0.702731, 0.57339
68.2, -0.681956, 0.61336
68.25, -0.659218, 0.651563
68.3, -0.634639, 0.687948
68.35, -0.608341, 0.722469
68.4, -0.580438, 0.755084
68.45, -0.551042, 0.785756
68.5, -0.52026, 0.814453
68.55, -0.488198, 0.841145
68.6, -0.454957, 0.865806
68.65, -0.420635, 0.888409
68.7, -0.385328, 0.908934
68.75, -0.349132, 0.92736
68.8, -0.312138, 0.943668
68.85, -0.274438, 0.95784
68.9, -0.236122, 0.96986
68.95, -0.197278, 0.979714
69, -0.157994, 0.987386
69.05, -0.11836, 0.992864
69.1, -0.078462, 0.996134
69.15, -0.0383896, 0.997186
69.2, 0.00176861, 0.996008
69.25, 0.0419229, 0.99259
69.3, 0.0819821, 0.986922
69.35, 0.121854, 0.978996
69.4, 0.161443, 0.968805
69.45, 0.200654, 0.956341
69.5, 0.239388, 0.941599
69.55, 0.277541, 0.924576
69.6, 0.315008, 0.905269
69.65, 0.35168, 0.883677
69.7, 0.387445, 0.859803
69.75, 0.422182, 0.833651
69.8, 0.45577, 0.805228
69.85, 0.488079, 0.774547
69.9, 0.518975, 0.741622
69.95, 0.548315, 0.706475
70, 0.575953, 0.669134
70.05, 0.60173, 0.629631
70.1, 0.625483, 0.58801
70.15, 0.647039, 0.544324
70.2, 0.666216, 0.498637
70.25, 0.682825, 0.451028
70.3, 0.696664, 0.401589
70.35, 0.707526, 0.350434
70.4, 0.715194, 0.297697
70.45, 0.719443, 0.243536
70.5, 0.720044, 0.188141
70.55, 0.716763, 0.131732
70.6, 0.709366, 0.0745657
70.65, 0.697625, 0.0169432
70.7, 0.681323, -0.0407901
70.75, 0.660259, -0.0982383
70.8, 0.634262, -0.154953
70.85, 0.603201, -0.21043
70.9, 0.566999, -0.264113
70.95, 0.525648, -0.315399
71, 0.479227, -0.363642
71.05, 0.427914, -0.408173
71.1, 0.372002, -0.448318
71.15, 0.31191, -0.483423
71.2, 0.248177, -0.512888
71.25, 0.181463, -0.53619
71.3, 0.112526, -0.552924
71.35, 0.0421971, -0.562818
71.4, -0.0286535, -0.565756
71.45, -0.0991539, -0.561777
71.5, -0.168467, -0.551074
71.55, -0.235824, -0.533971
71.6, -0.300547, -0.510902
71.65, -0.362062, -0.482381
71.7, -0.41991, -0.448975
71.75, -0.473742, -0.411274
71.8, -0.52331, -0.369872
71.85, -0.568458, -0.325346
71.9, -0.609112, -0.278247
71.95, -0.645257, -0.22909
72, -0.676936, -0.178346
72.05, -0.70423, -0.126447
72.1, -0.727251, -0.073781
72.15, -0.746135, -0.0206952
72.2, -0.761032, 0.0325012
72.25, -0.772102, 0.0855342
72.3, -0.779512, 0.138162
72.35, -0.783431, 0.190171
72.4, -0.784027, 0.241373
72.45, -0.781467, 0.291603
72.5, -0.775915, 0.340717
72.55, -0.767529, 0.388587
72.6, -0.756464, 0.4351
72.65, -0.74287, 0.480159
72.7, -0.726891, 0.523676
72.75, -0.708665, 0.565574
72.8, -0.688326, 0.605786
72.85, -0.666003, 0.644252
72.9, -0.64182, 0.680919
72.95, -0.615897, 0.715739
73, -0.588347, 0.748669
73.05, -0.559283, 0.779672
73.1, -0.528812, 0.808715
73.15, -0.497039, 0.835765
73.2, -0.464064, 0.860795
73.25, -0.429987, 0.883779
73.3, -0.394903, 0.904695
73.35, -0.358907, 0.923521
73.4, -0.322091, 0.940237
73.45, -0.284545, 0.954825
73.5, -0.246361, 0.967267
73.55, -0.207626, 0.977548
73.6, -0.168428, 0.985652
73.65, -0.128857, 0.991566
73.7, -0.0889984, 0.995275
73.75, -0.048942, 0.996768
73.8, -0.00877618, 0.996032
73.85, 0.0314094, 0.993056
73.9, 0.0715238, 0.987831
73.95, 0.111475, 0.980346
74, 0.151168, 0.970592
74.05, 0.190506, 0.958563
74.1, 0.229391, 0.944253
74.15, 0.26772, 0.927655
74.2, 0.305389, 0.908767
74.25, 0.342287, 0.887587
74.3, 0.378302, 0.864116
74.35, 0.413315, 0.838357
74.4, 0.447203, 0.810316
74.45, 0.479838, 0.780005
74.5, 0.511085, 0.747437
74.55, 0.540801, 0.712631
74.6, 0.568839, 0.675613
74.65, 0.595042, 0.636416
74.7, 0.619246, 0.595081
74.75, 0.641278, 0.551658
74.8, 0.660955, 0.506209
74.85, 0.678087, 0.458812
74.9, 0.692473, 0.409556
74.95, 0.703903, 0.358553
75, 0.712161, 0.305933
75.05, 0.71702, 0.251854
75.1, 0.718249, 0.196499
75.15, 0.715613, 0.140087
75.2, 0.708875, 0.0828713
75.25, 0.697803, 0.0251495
75.3, 0.682177, -0.0327364
75.35, 0.661792, -0.0903939
75.4, 0.636472, -0.147377
75.45, 0.60608, -0.203186
75.5, 0.570531, -0.257267
75.55, 0.52981, -0.309015
75.6, 0.483987, -0.357787
75.65, 0.433231, -0.402912
75.7, 0.377826, -0.443714
75.75, 0.318179, -0.479534
75.8, 0.254822, -0.509763
75.85, 0.188406, -0.533873
75.9, 0.119683, -0.551444
75.95, 0.0494792, -0.562195
76, -0.0213361, -0.565995
76.05, -0.0918903, -0.562874
76.1, -0.161344, -0.55301
76.15, -0.228922, -0.536718
76.2, -0.293939, -0.514422
76.25, -0.355816, -0.48663
76.3, -0.414083, -0.453901
76.35, -0.468383, -0.416824
76.4, -0.51846, -0.375988
76.45, -0.564152, -0.331972
76.5, -0.605373, -0.285326
76.55, -0.642107, -0.236564
76.6, -0.674387, -0.186162
76.65, -0.702291, -0.134551
76.7, -0.725926, -0.0821232
76.75, -0.745424, -0.029227
76.8, -0.760932, 0.0238257
76.85, -0.772608, 0.0767584
76.9, -0.780615, 0.129327
76.95, -0.78512, 0.181315
77, -0.786291, 0.232533
77.05, -0.784293, 0.282813
77.1, -0.779286, 0.33201
77.15, -0.771431, 0.379992
77.2, -0.76088, 0.426646
77.25, -0.747782, 0.471872
77.3, -0.73228, 0.515582
77.35, -0.714512, 0.557696
77.4, -0.694612, 0.598146
77.45, -0.672708, 0.63687
77.5, -0.648924, 0.673814
77.55, -0.623378, 0.708929
77.6, -0.596186, 0.742171
77.65, -0.567458, 0.773502
77.7, -0.537301, 0.802885
77.75, -0.505821, 0.83029
77.8, -0.473117, 0.855687
77.85, -0.439289, 0.87905
77.9, -0.404432, 0.900355
77.95, -0.36864, 0.919579
78, -0.332006, 0.936701
78.05, -0.29462, 0.951703
78.1, -0.256572, 0.964565
78.15, -0.21795, 0.975272
78.2, -0.178844, 0.983808
78.25, -0.139339, 0.990157
78.3, -0.0995253, 0.994304
78.35, -0.0594897, 0.996238
78.4, -0.0193211, 0.995944
78.45, 0.0208909, 0.993411
78.5, 0.0610556, 0.988628
78.55, 0.101081, 0.981584
78.6, 0.140872, 0.97227
78.65, 0.180333, 0.960678
78.7, 0.219365, 0.946799
78.75, 0.257866, 0.930628
78.8, 0.295731, 0.912161
78.85, 0.33285, 0.891395
78.9, 0.369111, 0.86833
78.95, 0.404395, 0.842967
79, 0.43858, 0.815313
79.05, 0.471536, 0.785375
79.1, 0.50313, 0.753166
79.15, 0.533218, 0.718705
79.2, 0.561654, 0.682016
79.25, 0.588279, 0.643129
79.3, 0.61293, 0.602084
79.35, 0.635434, 0.558929
79.4, 0.655608, 0.513725
79.45, 0.67326, 0.466545
79.5, 0.68819, 0.417479
79.55, 0.700188, 0.366633
79.6, 0.709034, 0.314138
79.65, 0.714502, 0.260146
79.7, 0.716358, 0.204838
79.75, 0.714366, 0.148431
79.8, 0.708286, 0.0911737
79.85, 0.697885, 0.0333605
79.9, 0.682936, -0.0246702
79.95, 0.663233, -0.082529
80, 0.638592, -0.139774
80.05, 0.608872, -0.195906
80.1, 0.57398, -0.250375
80.15, 0.533895, -0.302578
80.2, 0.488676, -0.351872
80.25, 0.438483, -0.397585
80.3, 0.383592, -0.439037
80.35, 0.324399, -0.475565
80.4, 0.261427, -0.506554
80.45, 0.195319, -0.531466
80.5, 0.12682, -0.549872
80.55, 0.0567525, -0.561478
80.6, -0.0140166, -0.566142
80.65, -0.0846143, -0.563879
80.7, -0.154198, -0.554857
80.75, -0.221987, -0.539378
80.8, -0.28729, -0.517859
80.85, -0.349519, -0.490799
80.9, -0.408198, -0.458754
80.95, -0.462959, -0.422306
81, -0.513539, -0.382044
81.05, -0.559767, -0.338544
81.1, -0.601552, -0.292357
81.15, -0.638869, -0.243998
81.2, -0.671747, -0.193944
81.25, -0.700258, -0.14263
81.3, -0.724505, -0.0904464
81.35, -0.744615, -0.0377469
81.4, -0.760733, 0.0151551
81.45, -0.773013, 0.0679806
81.5, -0.781618, 0.120483
81.55, -0.78671, 0.172444
81.6, -0.788456, 0.223671
81.65, -0.78702, 0.273996
81.7, -0.782561, 0.323268
81.75, -0.775237, 0.371357
81.8, -0.765201, 0.418147
81.85, -0.752601, 0.463535
81.9, -0.737578, 0.507431
81.95, -0.720272, 0.549756
82, -0.700814, 0.590439
82.05, -0.679332, 0.629417
82.1, -0.655949, 0.666634
82.15, -0.630785, 0.70204
82.2, -0.603953, 0.73559
82.25, -0.575564, 0.767245
82.3, -0.545726, 0.796966
82.35, -0.514542, 0.824723
82.4, -0.482114, 0.850484
82.45, -0.448538, 0.874223
82.5, -0.413912, 0.895914
82.55, -0.378329, 0.915533
82.6, -0.341882, 0.93306
82.65, -0.30466, 0.948474
82.7, -0.266753, 0.961755
82.75, -0.22825, 0.972887
82.8, -0.189238, 0.981853
82.85, -0.149806, 0.988636
82.9, -0.110042, 0.993222
82.95, -0.0700316, 0.995596
83, -0.0298651, 0.995744
83.05, 0.0103686, 0.993654
83.1, 0.0505788, 0.989314
83.15, 0.0906733, 0.982712
83.2, 0.130558, 0.973839
83.25, 0.170137, 0.962683
83.3, 0.209312, 0.949238
83.35, 0.24798, 0.933497
83.4, 0.286036, 0.915453
83.45, 0.323372, 0.895103
83.5, 0.359874, 0.872446
83.55, 0.395425, 0.847483
83.6, 0.429902, 0.820216
83.65, 0.463175, 0.790655
83.7, 0.495111, 0.75881
83.75, 0.525568, 0.724698
83.8, 0.554396, 0.688342
83.85, 0.581441, 0.64977
83.9, 0.606536, 0.609019
83.95, 0.629508, 0.566138
84, 0.650176, 0.521183
84.05, 0.668346, 0.474226
84.1, 0.683818, 0.425355
84.15, 0.69638, 0.374674
84.2, 0.705813, 0.322309
84.25, 0.711888, 0.268411
84.3, 0.714371, 0.213159
84.35, 0.713022, 0.156763
84.4, 0.707601, 0.0994718
84.45, 0.69787, 0.0415748
84.5, 0.6836, -0.0165925
84.55, 0.66458, -0.0746446
84.6, 0.640621, -0.132142
84.65, 0.611576, -0.18859
84.7, 0.577346, -0.24344
84.75, 0.537901, -0.29609
84.8, 0.493292, -0.345898
84.85, 0.44367, -0.392191
84.9, 0.3893, -0.434286
84.95, 0.330569, -0.471518
85, 0.267992, -0.503262
85.05, 0.202201, -0.528972
85.1, 0.133937, -0.54821
85.15, 0.0640159, -0.560669
85.2, -0.00669645, -0.566195
85.25, -0.0773268, -0.564791
85.3, -0.14703, -0.556612
85.35, -0.21502, -0.54195
85.4, -0.2806, -0.521212
85.45, -0.343173, -0.49489
85.5, -0.402255, -0.463532
85.55, -0.45747, -0.427719
85.6, -0.508547, -0.388037
85.65, -0.555306, -0.34506
85.7, -0.597649, -0.299339
85.75, -0.635545, -0.251391
85.8, -0.669017, -0.201692
85.85, -0.698132, -0.150681
85.9, -0.722988, -0.0987495
85.95, -0.743709, -0.0462538
86, -0.760436, 0.00649041
86.05, -0.77332, 0.0592018
86.1, -0.78252, 0.111631
86.15, -0.7882, 0.163558
86.2, -0.790521, 0.214789
86.25, -0.789647, 0.265151
86.3, -0.785737, 0.314493
86.35, -0.778947, 0.362683
86.4, -0.769428, 0.409602
86.45, -0.757327, 0.455147
86.5, -0.742787, 0.499226
86.55, -0.725944, 0.541757
86.6, -0.70693, 0.582668
86.65, -0.685873, 0.621895
86.7, -0.662895, 0.659381
86.75, -0.638115, 0.695073
86.8, -0.611648, 0.728928
86.85, -0.583602, 0.760902
86.9, -0.554086, 0.790959
86.95, -0.523203, 0.819064
87, -0.491053, 0.845186
87.05, -0.457735, 0.869298
87.1, -0.423344, 0.891372
87.15, -0.387975, 0.911385
87.2, -0.351718, 0.929314
87.25, -0.314664, 0.945138
87.3, -0.276903, 0.958837
87.35, -0.238523, 0.970393
87.4, -0.199612, 0.979788
87.45, -0.160257, 0.987004
87.5, -0.120546, 0.992027
87.55, -0.0805664, 0.994841
87.6, -0.0404068, 0.995432
87.65, -0.000156363, 0.993785
87.7, 0.0400944, 0.989889
87.75, 0.0802535, 0.98373
87.8, 0.120227, 0.975297
87.85, 0.159919, 0.96458
87.9, 0.199231, 0.951571
87.95, 0.238061, 0.93626
88, 0.276305, 0.918641
88.05, 0.313852, 0.89871
88.1, 0.350592, 0.876463
88.15, 0.386405, 0.851902
88.2, 0.421169, 0.825027
88.25, 0.454755, 0.795846
88.3, 0.48703, 0.764368
88.35, 0.51785, 0.730609
88.4, 0.547068, 0.694589
88.45, 0.574528, 0.656336
88.5, 0.600063, 0.615886
88.55, 0.623502, 0.573282
88.6, 0.64466, 0.528582
88.65, 0.663345, 0.481855
88.7, 0.679356, 0.433185
88.75, 0.69248, 0.382674
88.8, 0.702498, 0.330447
88.85, 0.709179, 0.27665
88.9, 0.712287, 0.221459
88.95, 0.711581, 0.165082
89, 0.706818, 0.107764
89.05, 0.697759, 0.0497915
89.1, 0.684169, -0.00850467
89.15, 0.665833, -0.0667418
89.2, 0.642559, -0.124484
89.25, 0.614192, -0.18124
89.3, 0.580628, -0.236461
89.35, 0.541828, -0.289551
89.4, 0.497834, -0.339865
89.45, 0.44879, -0.386731
89.5, 0.394949, -0.429464
89.55, 0.336689, -0.467392
89.6, 0.274515, -0.499885
89.65, 0.209052, -0.52639
89.7, 0.141032, -0.546457
89.75, 0.0712682, -0.559768
89.8, 0.000623339, -0.566156
89.85, -0.0700292, -0.565611
89.9, -0.139841, -0.558276
89.95, -0.208023, -0.544434
90, -0.27387, -0.52448
90.05, -0.336778, -0.4989
90.1, -0.396255, -0.468236
90.15, -0.451917, -0.433064
90.2, -0.503483, -0.393967
90.25, -0.550768, -0.351519
90.3, -0.593664, -0.306271
90.35, -0.632135, -0.25874
90.4, -0.666197, -0.209405
90.45, -0.695913, -0.158703
90.5, -0.721376, -0.107031
90.55, -0.742705, -0.0547466
90.6, -0.760039, -0.00216711
90.65, -0.773526, 0.0504233
90.7, -0.783322, 0.102773
90.75, -0.789589, 0.15466
90.8, -0.792487, 0.205887
90.85, -0.792176, 0.25628
90.9, -0.788816, 0.305687
90.95, -0.78256, 0.353971
91, -0.773559, 0.401015
91.05, -0.76196, 0.446711
91.1, -0.747904, 0.490966
91.15, -0.731527, 0.533698
91.2, -0.71296, 0.574832
91.25, -0.692331, 0.614304
91.3, -0.669761, 0.652054
91.35, -0.645369, 0.68803
91.4, -0.619269, 0.722184
91.45, -0.59157, 0.754474
91.5, -0.56238, 0.784862
91.55, -0.531801, 0.813313
91.6, -0.499935, 0.839794
91.65, -0.466878, 0.864275
91.7, -0.432727, 0.886731
91.75, -0.397574, 0.907135
91.8, -0.361513, 0.925464
91.85, -0.324632, 0.941697
91.9, -0.287022, 0.955812
91.95, -0.248769, 0.96779
92, -0.209963, 0.977612
92.05, -0.17069, 0.985262
92.1, -0.131037, 0.990721
92.15, -0.0910929, 0.993975
92.2, -0.0509451, 0.995008
92.25, -0.0106827, 0.993804
92.3, 0.0296037, 0.990351
92.35, 0.0698226, 0.984636
92.4, 0.10988, 0.976645
92.45, 0.14968, 0.966368
92.5, 0.189125, 0.953795
92.55, 0.228113, 0.938917
92.6, 0.266538, 0.921725
92.65, 0.304293, 0.902214
92.7, 0.341265, 0.880381
92.75, 0.377335, 0.856224
92.8, 0.412383, 0.829744
92.85, 0.446278, 0.800946
92.9, 0.478886, 0.769839
92.95, 0.510067, 0.736437
93, 0.539671, 0.700758
93.05, 0.567541, 0.662829
93.1, 0.593514, 0.622682
93.15, 0.617414, 0.580362
93.2, 0.63906, 0.535922
93.25, 0.658257, 0.48943
93.3, 0.674805, 0.440967
93.35, 0.688489, 0.390633
93.4, 0.699089, 0.338549
93.45, 0.706374, 0.284859
93.5, 0.710107, 0.229737
93.55, 0.710044, 0.173387
93.6, 0.705939, 0.11605
93.65, 0.697551, 0.0580094
93.7, 0.684642, -0.000407638
93.75, 0.666992, -0.0588218
93.8, 0.644405, -0.116801
93.85, 0.61672, -0.173855
93.9, 0.583826, -0.229441
93.95, 0.545675, -0.282962
94, 0.502303, -0.333775
94.05, 0.453842, -0.381207
94.1, 0.400538, -0.424569
94.15, 0.342757, -0.463188
94.2, 0.280995, -0.496426
94.25, 0.215869, -0.523721
94.3, 0.148104, -0.544613
94.35, 0.0785084, -0.558774
94.4, 0.00794154, -0.566023
94.45, -0.0627226, -0.566338
94.5, -0.132633, -0.559849
94.55, -0.200996, -0.546829
94.6, -0.267101, -0.527663
94.65, -0.330336, -0.502829
94.7, -0.3902, -0.472864
94.75, -0.446301, -0.438338
94.8, -0.49835, -0.399833
94.85, -0.546154, -0.357922
94.9, -0.589598, -0.313154
94.95, -0.628639, -0.266047
95, -0.663288, -0.217081
95.05, -0.693601, -0.166696
95.1, -0.719668, -0.115291
95.15, -0.741605, -0.0632241
95.2, -0.759544, -0.0108164
95.25, -0.773633, 0.0416462
95.3, -0.784025, 0.0939097
95.35, -0.790878, 0.145749
95.4, -0.794352, 0.196966
95.45, -0.794605, 0.247385
95.5, -0.791795, 0.296849
95.55, -0.786075, 0.345223
95.6, -0.777595, 0.392384
95.65, -0.7665, 0.438226
95.7, -0.75293, 0.482653
95.75, -0.73702, 0.525581
95.8, -0.718903, 0.566934
95.85, -0.698705, 0.606645
95.9, -0.676546, 0.644655
95.95, -0.652545, 0.680909
96, -0.626816, 0.71536
96.05, -0.599468, 0.747963
96.1, -0.570607, 0.778679
96.15, -0.540336, 0.807471
96.2, -0.508757, 0.834307
96.25, -0.475966, 0.859156
96.3, -0.442058, 0.88199
96.35, -0.407128, 0.902783
96.4, -0.371266, 0.92151
96.45, -0.334563, 0.93815
96.5, -0.297107, 0.952679
96.55, -0.258987, 0.965078
96.6, -0.22029, 0.975327
96.65, -0.181103, 0.983408
96.7, -0.141514, 0.989304
96.75, -0.10161, 0.992997
96.8, -0.0614787, 0.994471
96.85, -0.0212094, 0.993711
96.9, 0.019108, 0.990703
96.95, 0.0593817, 0.985431
97, 0.0995182, 0.977883
97.05, 0.139422, 0.968047
97.1, 0.178994, 0.955912
97.15, 0.218135, 0.941467
97.2, 0.256738, 0.924704
97.25, 0.294695, 0.905617
97.3, 0.331894, 0.884199
97.35, 0.368218, 0.860449
97.4, 0.403544, 0.834367
97.45, 0.437743, 0.805956
97.5, 0.470682, 0.775223
97.55, 0.502218, 0.742181
97.6, 0.532204, 0.706847
97.65, 0.560482, 0.669246
97.7, 0.586888, 0.629408
97.75, 0.611247, 0.587377
97.8, 0.633377, 0.543202
97.85, 0.653084, 0.49695
97.9, 0.670165, 0.448699
97.95, 0.684407, 0.398548
98, 0.695588, 0.346614
98.05, 0.703476, 0.29304
98.1, 0.707831, 0.237993
98.15, 0.708409, 0.181677
98.2, 0.704963, 0.124329
98.25, 0.697246, 0.0662273
98.3, 0.685019, 0.00769741
98.35, 0.668058, -0.0508857
98.4, 0.64616, -0.109093
98.45, 0.619159, -0.166438
98.5, 0.586938, -0.222381
98.55, 0.549442, -0.276324
98.6, 0.506697, -0.327628
98.65, 0.458826, -0.375618
98.7, 0.406066, -0.419604
98.75, 0.348772, -0.458907
98.8, 0.287432, -0.492885
98.85, 0.222653, -0.520965
98.9, 0.155153, -0.54268
98.95, 0.0857351, -0.557688
99, 0.015257, -0.565797
99.05, -0.0554081, -0.566971
99.1, -0.125407, -0.561331
99.15, -0.193942, -0.549135
99.2, -0.260294, -0.530761
99.25, -0.323847, -0.506677
99.3, -0.384089, -0.477415
99.35, -0.440622, -0.443542
99.4, -0.493148, -0.405635
99.45, -0.541465, -0.364266
99.5, -0.585452, -0.319984
99.55, -0.625059, -0.273308
99.6, -0.66029, -0.22472
99.65, -0.691198, -0.174659
99.7, -0.717866, -0.123527
99.75, -0.740407, -0.0716852
99.8, -0.75895, -0.0194563
99.85, -0.77364, 0.0328715
99.9, -0.784626, 0.085042
99.95, -0.792066, 0.136828
